Date,Price_0-3%,Percent Change_0-3%,Price_3-7%,Percent Change_3-7%,Price_7-15%,Percent Change_7-15%,Price_15-100%,Percent Change_15-100%,Price_index,Percent Change_index
2022-10-18,49.73,,16.901,-0.07594313832695454,2.915,,-3.043,0.044269045984900446,96.0,-0.05882352941176472
2022-10-19,49.692,-0.0007641262819223504,16.886,-0.0008875214484350691,2.887,-0.009605488850771837,-3.038,-0.0016431153466974768,96.0,0.0
2022-10-20,49.681,-0.0002213635997746488,16.83,-0.0033163567452327847,2.906,0.006581226186352707,-3.032,-0.0019749835418036987,96.0,0.0
2022-10-21,50.584,0.018175962641653776,17.489,0.03915626856803334,3.234,0.112869924294563,-2.956,-0.02506596306068609,99.0,0.03125
2022-10-24,48.75,-0.036256523801992735,16.053,-0.08210875407398932,2.604,-0.19480519480519476,-3.081,0.04228687415426258,93.0,-0.06060606060606055
2022-10-25,48.789,0.0008000000000001339,16.126,0.004547436616208822,2.634,0.011520737327188835,-3.053,-0.009087958455047063,93.0,0.0
2022-10-26,48.421,-0.007542683801676664,15.773,-0.02189011534168428,2.492,-0.05391040242976464,-3.106,0.01735997379626597,92.0,-0.010752688172043001
2022-10-27,48.401,-0.0004130439272215236,15.738,-0.002218981804349207,2.503,0.004414125200641994,-3.115,0.0028976175144881378,92.0,0.0
2022-10-28,48.396,-0.00010330365075106318,15.739,6.354047528289719e-05,2.514,0.0043947263284058735,-3.101,-0.004494382022471988,92.0,0.0
2022-10-31,47.158,-0.0255806264980577,14.786,-0.06055022555435552,2.081,-0.17223548130469368,-3.191,0.029022895840051577,88.0,-0.04347826086956519
2022-11-01,47.09,-0.0014419610670511895,14.808,0.0014878939537399383,2.131,0.024026910139355984,-3.174,-0.005327483547477252,88.0,0.0
2022-11-02,47.062,-0.0005946060734765002,14.851,0.0029038357644517454,2.081,-0.023463162834350015,-3.185,0.003465658475110267,88.0,0.0
2022-11-03,48.609,0.032871531171646096,15.863,0.06814355935627225,2.583,0.24123017779913525,-3.076,-0.03422291993720561,93.0,0.05681818181818188
2022-11-04,48.272,-0.006932872513320643,15.593,-0.017020740086994834,2.472,-0.04297328687572599,-3.096,0.006501950585175553,92.0,-0.010752688172043001
2022-11-07,47.317,-0.01978372555518726,14.903,-0.04425062528057455,2.181,-0.11771844660194175,-3.152,0.01808785529715773,89.0,-0.03260869565217395
2022-11-08,47.239,-0.001648456157406497,14.856,-0.0031537274374286994,2.168,-0.0059605685465382585,-3.148,-0.0012690355329949554,89.0,0.0
2022-11-09,47.215,-0.0005080547852408523,14.798,-0.0039041464728055697,2.164,-0.0018450184501844769,-3.145,-0.000952986022871749,89.0,0.0
2022-11-10,46.699,-0.010928730276395293,14.312,-0.032842275983241076,1.974,-0.08780036968576721,-3.191,0.014626391096979274,87.0,-0.022471910112359605
2022-11-11,46.699,0.0,14.312,0.0,1.974,0.0,-3.191,0.0,87.0,0.0
2022-11-14,45.072,-0.03484014646994571,13.115,-0.0836361095584125,1.46,-0.26038500506585616,-3.297,0.033218426825446734,82.0,-0.05747126436781613
2022-11-15,44.845,-0.00503638622648217,12.85,-0.02020587113991612,1.345,-0.07876712328767121,-3.318,0.006369426751592355,81.0,-0.012195121951219523
2022-11-16,45.055,0.004682796298361103,13.058,0.01618677042801564,1.45,0.07806691449814118,-3.294,-0.007233273056057921,82.0,0.012345679012345734
2022-11-17,46.089,0.022949728110087664,13.752,0.05314749578802269,1.769,0.21999999999999997,-3.232,-0.0188221007893139,85.0,0.03658536585365857
2022-11-18,44.986,-0.023931957733949516,13.022,-0.05308318789994182,1.42,-0.19728660260033914,-3.294,0.019183168316831534,82.0,-0.03529411764705881
2022-11-21,45.319,0.007402302938692262,13.236,0.016433727538012644,1.553,0.0936619718309859,-3.263,-0.00941105039465695,83.0,0.012195121951219523
2022-11-22,44.603,-0.015799112954831385,12.801,-0.032864913871260226,1.364,-0.12169993560849957,-3.304,0.012565124118908866,81.0,-0.02409638554216864
2022-11-23,44.117,-0.010896128063134891,12.567,-0.01827982188891497,1.246,-0.0865102639296188,-3.323,0.005750605326876546,80.0,-0.012345679012345734
2022-11-24,44.117,0.0,12.567,0.0,1.246,0.0,-3.323,0.0,80.0,0.0
2022-11-25,43.348,-0.017430922320193942,12.094,-0.037638258932123914,1.039,-0.166131621187801,-3.365,0.012639181462533955,78.0,-0.025000000000000022
2022-11-28,43.858,0.011765248685060348,12.535,0.036464362493798586,1.222,0.1761308950914342,-3.322,-0.012778603268945088,80.0,0.02564102564102555
2022-11-29,44.219,0.008231109489716948,12.709,0.013881132828081233,1.306,0.06873977086743044,-3.296,-0.007826610475617168,81.0,0.012499999999999956
2022-11-30,44.114,-0.0023745448788983214,12.709,0.0,1.313,0.0053598774885144085,-3.281,-0.004550970873786309,81.0,0.0
2022-12-01,42.431,-0.03815115382871648,11.607,-0.08671020536627594,0.836,-0.3632901751713633,-3.392,0.03383114903992679,76.0,-0.06172839506172845
2022-12-02,42.53,0.0023331997831774753,11.89,0.024381838545705303,0.934,0.11722488038277512,-3.382,-0.002948113207547065,77.0,0.013157894736842035
2022-12-05,42.889,0.008441100399717794,12.047,0.01320437342304448,1.015,0.08672376873661647,-3.349,-0.009757539917208735,78.0,0.01298701298701288
2022-12-06,43.674,0.01830306139103266,12.494,0.037104673362662766,1.201,0.18325123152709377,-3.301,-0.014332636607942706,80.0,0.02564102564102555
2022-12-07,44.906,0.028209003068186966,13.442,0.07587642068192735,1.596,0.32889258950874267,-3.22,-0.0245380187821872,84.0,0.050000000000000044
2022-12-08,44.254,-0.014519217921881267,12.93,-0.03808957000446367,1.398,-0.12406015037593998,-3.26,0.012422360248447006,82.0,-0.023809523809523836
2022-12-09,43.9,-0.007999276901523023,12.722,-0.016086620262954376,1.301,-0.06938483547925611,-3.273,0.003987730061349781,81.0,-0.012195121951219523
2022-12-12,43.595,-0.006947608200455591,12.48,-0.01902216632604925,1.196,-0.0807071483474251,-3.295,0.006721662083715163,80.0,-0.012345679012345734
2022-12-13,41.565,-0.04656497304736784,11.127,-0.10841346153846154,0.632,-0.47157190635451507,-3.427,0.04006069802731416,74.0,-0.07499999999999996
2022-12-14,41.908,0.008252135209912304,11.302,0.015727509661184413,0.72,0.13924050632911378,-3.405,-0.006419608987452641,75.0,0.013513513513513598
2022-12-15,42.28,0.008876586809201115,11.476,0.015395505220315187,0.807,0.12083333333333335,-3.381,-0.007048458149779724,76.0,0.01333333333333342
2022-12-16,44.357,0.04912488174077567,12.854,0.12007668177065156,1.372,0.7001239157372987,-3.254,-0.0375628512274474,82.0,0.07894736842105265
2022-12-19,44.357,0.0,12.854,0.0,1.372,0.0,-3.254,0.0,82.0,0.0
2022-12-20,45.635,0.028811686994161034,13.7,0.0658160883771588,1.734,0.2638483965014575,-3.163,-0.027965580823601788,86.0,0.04878048780487809
2022-12-21,45.635,0.0,13.7,0.0,1.734,0.0,-3.163,0.0,86.0,0.0
2022-12-22,43.861,-0.038873671524049525,12.548,-0.08408759124087584,1.245,-0.2820069204152248,-3.256,0.02940246601327856,81.0,-0.05813953488372092
2022-12-23,44.181,0.007295775290121043,12.758,0.016735734778450695,1.303,0.04658634538152606,-3.233,-0.007063882063881977,82.0,0.012345679012345734
2022-12-26,44.181,0.0,12.758,0.0,1.303,0.0,-3.233,0.0,82.0,0.0
2022-12-27,43.742,-0.009936397999139923,12.554,-0.015989967079479417,1.188,-0.08825786646201073,-3.244,0.003402412619857742,81.0,-0.012195121951219523
2022-12-28,43.433,-0.007064148872936715,12.306,-0.01975465986936442,1.076,-0.09427609427609418,-3.258,0.004315659679408057,80.0,-0.012345679012345734
2022-12-29,44.476,0.024013998572514073,12.901,0.04835039817974973,1.366,0.26951672862453524,-3.195,-0.01933701657458564,83.0,0.03750000000000009
2022-12-30,44.197,-0.006273046137242444,12.709,-0.01488256724284942,1.275,-0.06661786237188883,-3.228,0.010328638497652642,82.0,-0.012048192771084376
2023-01-02,44.197,0.0,12.709,0.0,1.275,0.0,-3.228,0.0,82.0,0.0
2023-01-03,43.451,-0.01687897368599689,12.235,-0.037296404123062454,1.041,-0.18352941176470583,-3.257,0.008983890954151086,80.0,-0.024390243902439046
2023-01-04,43.228,-0.005132217900623681,12.047,-0.01536575398447071,0.971,-0.06724303554274735,-3.282,0.007675775253300543,79.0,-0.012499999999999956
2023-01-05,42.854,-0.008651799759415213,11.795,-0.020918070889018092,0.864,-0.11019567456230683,-3.306,0.007312614259597838,78.0,-0.012658227848101222
2023-01-06,42.876,0.0005133709805384967,11.833,0.003221704111911805,0.875,0.0127314814814814,-3.297,-0.0027223230490017736,78.0,0.0
2023-01-09,41.34,-0.03582423733557216,10.968,-0.07310065072255556,0.5,-0.4285714285714286,-3.378,0.02456778889899902,74.0,-0.05128205128205132
2023-01-10,41.99,0.015723270440251458,11.418,0.04102844638949654,0.668,0.3360000000000001,-3.339,-0.011545293072824148,76.0,0.027027027027026973
2023-01-11,41.391,-0.014265301262205377,11.023,-0.03459449991241892,0.453,-0.3218562874251497,-3.382,0.012878107217729973,74.0,-0.02631578947368418
2023-01-12,40.661,-0.017636684303350858,10.549,-0.04300099791345369,0.272,-0.39955849889624717,-3.426,0.013010053222944906,72.0,-0.027027027027026973
2023-01-13,40.734,0.0017953321364452268,10.585,0.0034126457484122685,0.262,-0.03676470588235292,-3.436,0.0029188558085229133,72.0,0.0
2023-01-16,40.734,0.0,10.585,0.0,0.262,0.0,-3.436,0.0,72.0,0.0
2023-01-17,40.696,-0.0009328816222321512,10.557,-0.0026452527161077155,0.254,-0.03053435114503822,-3.425,-0.003201396973224746,72.0,0.0
2023-01-18,39.995,-0.017225280125810927,10.117,-0.04167850715165289,0.053,-0.7913385826771654,-3.471,0.013430656934306562,70.0,-0.02777777777777779
2023-01-19,41.85,0.04638079759970015,11.215,0.10853019669862607,0.507,8.566037735849058,-3.37,-0.0290982425813886,75.0,0.0714285714285714
2023-01-20,42.231,0.009103942652329833,11.412,0.017565760142666198,0.59,0.1637080867850098,-3.348,-0.006528189910979254,76.0,0.01333333333333342
2023-01-23,41.472,-0.017972579384812115,10.988,-0.037153873116018366,0.382,-0.3525423728813559,-3.381,0.009856630824372825,74.0,-0.02631578947368418
2023-01-24,41.083,-0.009379822530864224,10.738,-0.022752093192573764,0.293,-0.23298429319371738,-3.397,0.00473232771369414,73.0,-0.013513513513513487
2023-01-25,41.061,-0.0005355013022417809,10.769,0.0028869435649097053,0.293,0.0,-3.394,-0.0008831321754487753,73.0,0.0
2023-01-26,40.211,-0.02070090840456884,10.479,-0.026929148481753318,0.081,-0.7235494880546075,-3.426,0.009428403064231095,71.0,-0.0273972602739726
2023-01-27,40.525,0.007808808534977896,10.741,0.025002385723828624,0.174,1.148148148148148,-3.402,-0.007005253940455369,72.0,0.014084507042253502
2023-01-30,40.864,0.008365206662553915,10.89,0.013872078949818567,0.275,0.5804597701149428,-3.377,-0.007348618459729672,73.0,0.01388888888888884
2023-01-31,41.158,0.007194596711041612,11.143,0.02323232323232327,0.361,0.3127272727272725,-3.358,-0.00562629552857552,74.0,0.013698630136986356
2023-02-01,39.966,-0.028961562758151538,10.454,-0.06183254060845378,0.077,-0.7867036011080333,-3.413,0.016378796902918324,71.0,-0.04054054054054057
2023-02-02,39.218,-0.018715908522243807,10.021,-0.04141955232446903,-0.119,-2.5454545454545454,-3.447,0.009961910342807023,69.0,-0.028169014084507005
2023-02-03,38.379,-0.021393237798969955,9.537,-0.04829857299670692,-0.306,1.5714285714285716,-3.489,0.012184508268059169,67.0,-0.02898550724637683
2023-02-06,39.396,0.02649886656765421,10.177,0.0671070567264338,-0.045,-0.8529411764705882,-3.427,-0.017770134709085617,70.0,0.04477611940298498
2023-02-07,39.257,-0.0035282769824348525,10.181,0.00039304313648425016,-0.048,0.06666666666666665,-3.414,-0.0037934053107674393,70.0,0.0
2023-02-08,38.909,-0.008864661079552638,9.975,-0.020233768784991613,-0.14,1.916666666666667,-3.433,0.005565319273579394,69.0,-0.014285714285714235
2023-02-09,38.81,-0.002544398468220632,9.865,-0.01102756892230572,-0.142,0.014285714285714013,-3.43,-0.0008738712496357826,69.0,0.0
2023-02-10,40.322,0.03895903117753163,10.753,0.09001520527116069,0.209,-2.471830985915493,-3.353,-0.02244897959183667,73.0,0.05797101449275366
2023-02-13,39.83,-0.01220177570557024,10.485,-0.02492327722496057,0.114,-0.4545454545454545,-3.357,0.0011929615269907767,72.0,-0.013698630136986356
2023-02-14,39.104,-0.01822746673361786,10.017,-0.0446351931330472,-0.068,-1.5964912280701755,-3.377,0.005957700327673399,70.0,-0.02777777777777779
2023-02-15,39.885,0.01997238134206225,10.461,0.04432464809823311,0.106,-2.5588235294117645,-3.354,-0.006810778797749384,72.0,0.02857142857142847
2023-02-16,39.485,-0.010028832894571904,10.176,-0.027244049326068276,0.02,-0.8113207547169812,-3.358,0.0011926058437685683,71.0,-0.01388888888888884
2023-02-17,40.518,0.026161833607699192,10.852,0.06643081761006298,0.295,13.749999999999998,-3.296,-0.01846337105419904,74.0,0.04225352112676051
2023-02-20,40.518,0.0,10.852,0.0,0.295,0.0,-3.296,0.0,74.0,0.0
2023-02-21,40.781,0.006490942297250557,11.065,0.019627718392922988,0.367,0.24406779661016964,-3.27,-0.007888349514563076,75.0,0.013513513513513598
2023-02-22,41.144,0.008901203992055073,11.2,0.012200632625395391,0.451,0.228882833787466,-3.243,-0.008256880733945038,76.0,0.01333333333333342
2023-02-23,40.748,-0.00962473264631536,10.83,-0.03303571428571417,0.378,-0.16186252771618626,-3.264,0.00647548566142464,75.0,-0.013157894736842146
2023-02-24,40.702,-0.0011288897614606386,10.962,0.01218836565096959,0.379,0.002645502645502562,-3.256,-0.002450980392156854,75.0,0.0
2023-02-27,40.66,-0.001031890324799778,10.855,-0.009760992519613154,0.376,-0.0079155672823219,-3.241,-0.004606879606879555,75.0,0.0
2023-02-28,40.664,9.837678307933473e-05,10.884,0.0026715799170888843,0.388,0.03191489361702127,-3.25,0.002776920703486452,75.0,0.0
2023-03-01,40.651,-0.0003196930946290921,10.804,-0.007350238882763649,0.394,0.015463917525773141,-3.246,-0.0012307692307692575,75.0,0.0
2023-03-02,40.904,0.006223709133846622,11.054,0.023139577934098376,0.506,0.2842639593908629,-3.223,-0.007085643869377711,76.0,0.01333333333333342
2023-03-03,40.523,-0.009314492470174018,10.793,-0.02361136240275019,0.423,-0.16403162055335974,-3.237,0.004343779087806476,75.0,-0.013157894736842146
2023-03-06,39.02,-0.037090047627273415,9.834,-0.0888538867784675,0.073,-0.8274231678486997,-3.299,0.019153537225826245,71.0,-0.053333333333333344
2023-03-07,38.679,-0.00873910814966683,9.639,-0.019829164124466114,-0.006,-1.082191780821918,-3.319,0.006062443164595255,70.0,-0.014084507042253502
2023-03-08,39.741,0.027456759481889303,10.245,0.06286959228135691,0.251,-42.833333333333336,-3.253,-0.019885507683036985,73.0,0.04285714285714293
2023-03-09,40.424,0.01718628117057941,10.746,0.048901903367496447,0.426,0.6972111553784861,-3.215,-0.011681524746388061,75.0,0.027397260273972712
2023-03-10,41.829,0.034756580249356794,11.595,0.07900614182021215,0.829,0.9460093896713615,-3.149,-0.02052877138413678,79.0,0.05333333333333323
2023-03-13,44.422,0.06199048507016647,13.294,0.1465286761535145,1.553,0.8733413751507841,-2.995,-0.04890441409971413,87.0,0.10126582278481022
2023-03-14,44.985,0.012673900319661424,13.714,0.03159319993982246,1.75,0.12685125563425625,-2.955,-0.013355592654424098,89.0,0.02298850574712641
2023-03-15,45.815,0.018450594642658524,14.259,0.039740411258567976,2.074,0.18514285714285705,-2.898,-0.019289340101522834,92.0,0.03370786516853941
2023-03-16,45.552,-0.005740478009385486,13.979,-0.019636720667648544,1.975,-0.047733847637415505,-2.907,0.0031055900621117516,91.0,-0.010869565217391353
2023-03-17,43.924,-0.03573937478047062,12.955,-0.07325273624722795,1.547,-0.2167088607594937,-3.01,0.035431716546267644,86.0,-0.05494505494505497
2023-03-20,44.433,0.011588197796193356,13.307,0.027170976456966534,1.735,0.12152553329023918,-2.968,-0.013953488372092981,88.0,0.023255813953488413
2023-03-21,42.081,-0.05293363040983046,11.737,-0.11798301645750364,1.074,-0.3809798270893372,-3.101,0.04481132075471694,81.0,-0.07954545454545459
2023-03-22,40.363,-0.040826025997481086,10.667,-0.09116469285166573,0.582,-0.45810055865921795,-3.204,0.033215091905836935,76.0,-0.06172839506172845
2023-03-23,41.64,0.03163788618289032,11.478,0.07602887409768444,0.936,0.6082474226804127,-3.121,-0.025905118601747823,80.0,0.05263157894736836
2023-03-24,43.645,0.04815081652257458,12.745,0.11038508450949647,1.49,0.5918803418803418,-3.0,-0.038769625120153806,86.0,0.07499999999999996
2023-03-27,41.949,-0.038858975827700926,11.593,-0.09038838760298151,1.022,-0.31409395973154364,-3.1,0.03333333333333344,81.0,-0.05813953488372092
2023-03-28,41.625,-0.007723664449688861,11.356,-0.02044337099974125,0.941,-0.07925636007827797,-3.117,0.005483870967741833,80.0,-0.012345679012345734
2023-03-29,41.203,-0.01013813813813802,11.09,-0.023423740753786504,0.863,-0.0828905419766206,-3.128,0.0035290343278793213,79.0,-0.012499999999999956
2023-03-30,40.163,-0.025240880518409003,10.41,-0.06131650135256983,0.585,-0.32213209733487835,-3.189,0.019501278772378505,76.0,-0.03797468354430378
2023-03-31,39.392,-0.019196773149415924,9.917,-0.047358309317963476,0.41,-0.2991452991452992,-3.221,0.010034493571652536,74.0,-0.02631578947368418
2023-04-03,39.377,-0.00038078797725427105,9.877,-0.004033477866290158,0.391,-0.046341463414634076,-3.214,-0.002173238124805965,74.0,0.0
2023-04-04,38.96,-0.01058993828884891,9.627,-0.025311329351017542,0.303,-0.22506393861892593,-3.23,0.004978220286247614,73.0,-0.013513513513513487
2023-04-05,39.968,0.02587268993839853,10.241,0.06377895502233288,0.589,0.9438943894389438,-3.169,-0.018885448916408643,76.0,0.041095890410958846
2023-04-06,40.741,0.019340472377902262,10.631,0.03808221853334648,0.734,0.2461799660441426,-3.135,-0.010728936573051517,78.0,0.026315789473684292
2023-04-07,40.346,-0.009695392847500095,10.421,-0.01975355093594211,0.656,-0.10626702997275195,-3.152,0.005422647527910884,77.0,-0.012820512820512775
2023-04-10,40.02,-0.008080107073811349,10.174,-0.023702139909797526,0.575,-0.12347560975609762,-3.167,0.004758883248730861,76.0,-0.012987012987012991
2023-04-11,40.079,0.0014742628685655568,10.253,0.007764890898368515,0.565,-0.017391304347826098,-3.169,0.000631512472371476,76.0,0.0
2023-04-12,39.307,-0.019261957633673443,9.825,-0.041743879840046905,0.402,-0.2884955752212388,-3.211,0.013253392237298822,74.0,-0.02631578947368418
2023-04-13,39.831,0.013330958862289188,10.058,0.023715012722646422,0.48,0.19402985074626855,-3.185,-0.0080971659919028,75.0,0.013513513513513598
2023-04-14,38.346,-0.03728251864125953,9.211,-0.08421157287731151,0.123,-0.7437499999999999,-3.26,0.023547880690737655,71.0,-0.053333333333333344
2023-04-17,38.377,0.0008084285192719864,9.213,0.00021713169037007596,0.117,-0.04878048780487798,-3.256,-0.0012269938650306678,71.0,0.0
2023-04-18,38.024,-0.009198217682466092,9.014,-0.021599913166178264,0.012,-0.8974358974358975,-3.274,0.005528255528255643,70.0,-0.014084507042253502
2023-04-19,38.769,0.01959288870187237,9.415,0.04448635455957395,0.19,14.833333333333334,-3.231,-0.013133781307269388,72.0,0.02857142857142847
2023-04-20,39.589,0.021150919549124403,9.846,0.045778013807753704,0.36,0.894736842105263,-3.193,-0.011761064685855693,74.0,0.02777777777777768
2023-04-21,39.904,0.00795675566445242,10.075,0.02325817590899848,0.489,0.3583333333333334,-3.18,-0.004071406201064831,75.0,0.013513513513513598
2023-04-24,39.512,-0.009823576583801175,9.866,-0.02074441687344908,0.4,-0.1820040899795501,-3.205,0.007861635220125729,74.0,-0.013333333333333308
2023-04-25,39.526,0.0003543227373963287,9.854,-0.0012162983985405385,0.392,-0.020000000000000018,-3.202,-0.0009360374414977279,74.0,0.0
2023-04-26,40.257,0.018494155745585106,10.25,0.04018672620255748,0.561,0.43112244897959195,-3.167,-0.010930668332292393,76.0,0.027027027027026973
2023-04-27,40.005,-0.0062597809076681,10.083,-0.016292682926829283,0.471,-0.1604278074866311,-3.189,0.006946637196084682,75.0,-0.013157894736842146
2023-04-28,39.612,-0.009823772028496491,9.883,-0.019835366458395454,0.392,-0.16772823779193202,-3.202,0.0040765130134838845,74.0,-0.013333333333333308
2023-05-01,39.647,0.0008835706351608685,9.875,-0.0008094708084588342,0.38,-0.030612244897959218,-3.2,-0.0006246096189880257,74.0,0.0
2023-05-02,39.968,0.008096451181678344,10.07,0.019746835443037902,0.483,0.2710526315789472,-3.174,-0.008125000000000049,75.0,0.013513513513513598
2023-05-03,40.674,0.01766413130504385,10.46,0.038728897715988087,0.664,0.37474120082815743,-3.141,-0.010396975425330801,77.0,0.026666666666666616
2023-05-04,42.074,0.034420022618872004,11.34,0.08413001912045881,1.019,0.5346385542168672,-3.065,-0.024196115886660374,81.0,0.051948051948051965
2023-05-05,41.729,-0.00819983837999716,11.139,-0.01772486772486781,0.931,-0.08635917566241402,-3.084,0.006199021207177857,80.0,-0.012345679012345734
2023-05-08,40.955,-0.01854825181528441,10.705,-0.03896220486578683,0.773,-0.1697099892588615,-3.119,0.011348897535667923,78.0,-0.025000000000000022
2023-05-09,41.556,0.014674642900744717,11.088,0.03577767398411957,0.953,0.23285899094437257,-3.075,-0.014107085604360359,80.0,0.02564102564102555
2023-05-10,41.512,-0.0010588122052169746,11.082,-0.0005411255411253979,0.96,0.00734522560335793,-3.073,-0.0006504065040651152,80.0,0.0
2023-05-11,41.187,-0.007829061476199772,10.767,-0.028424472116946542,0.882,-0.08124999999999993,-3.088,0.004881223560039061,79.0,-0.012499999999999956
2023-05-12,40.873,-0.007623764780149034,10.588,-0.016624872294975446,0.794,-0.09977324263038545,-3.114,0.008419689119171014,78.0,-0.012658227848101222
2023-05-15,40.81,-0.0015413598218871893,10.539,-0.004627880619569313,0.798,0.005037783375314797,-3.104,-0.0032113037893384266,78.0,0.0
2023-05-16,41.151,0.008355795148248024,10.728,0.017933390264730953,0.892,0.1177944862155389,-3.084,-0.006443298969072142,79.0,0.012820512820512775
2023-05-17,41.488,0.008189351413088186,10.874,0.013609246830723398,0.979,0.09753363228699552,-3.061,-0.007457846952010461,80.0,0.012658227848101333
2023-05-18,40.801,-0.01655900501349783,10.44,-0.039911716019863985,0.806,-0.17671092951991818,-3.098,0.012087553087226421,78.0,-0.025000000000000022
2023-05-19,40.093,-0.017352515869708984,10.045,-0.037835249042145525,0.654,-0.18858560794044665,-3.132,0.010974822466107259,76.0,-0.02564102564102566
2023-05-22,40.393,0.0074826029481454,10.223,0.01772025883524142,0.726,0.11009174311926606,-3.11,-0.007024265644955396,77.0,0.013157894736842035
2023-05-23,40.05,-0.008491570321590425,9.963,-0.025432847500733824,0.646,-0.11019283746556474,-3.125,0.004823151125401992,76.0,-0.012987012987012991
2023-05-24,40.302,0.006292134831460627,10.194,0.023185787413429804,0.735,0.13777089783281737,-3.098,-0.008640000000000092,77.0,0.013157894736842035
2023-05-25,40.261,-0.0010173192397399111,10.194,0.0,0.732,-0.004081632653061273,-3.097,-0.00032278889606196515,77.0,0.0
2023-05-26,39.197,-0.02642756016989145,9.559,-0.06229154404551707,0.492,-0.3278688524590164,-3.149,0.01679044236357763,74.0,-0.038961038961038974
2023-05-29,39.197,0.0,9.559,0.0,0.492,0.0,-3.149,0.0,74.0,0.0
2023-05-30,38.489,-0.01806260683215566,9.137,-0.04414687728841915,0.314,-0.3617886178861789,-3.181,0.010161956176564013,72.0,-0.027027027027026973
2023-05-31,38.534,0.0011691652160357169,9.222,0.009302834628433843,0.302,-0.03821656050955413,-3.184,0.0009430996541968106,72.0,0.0
2023-06-01,38.492,-0.001089946540717368,9.172,-0.0054218173931900315,0.304,0.0066225165562914245,-3.183,-0.0003140703517588994,72.0,0.0
2023-06-02,37.812,-0.01766600852125111,8.803,-0.040231138246838216,0.141,-0.5361842105263158,-3.219,0.011310084825636224,70.0,-0.02777777777777779
2023-06-05,37.307,-0.013355548503120596,8.537,-0.030216971486993094,0.056,-0.602836879432624,-3.232,0.004038521279900786,69.0,-0.014285714285714235
2023-06-06,37.348,0.001098989465783795,8.563,0.0030455663582054093,0.056,0.0,-3.233,0.0003094059405939209,69.0,0.0
2023-06-07,37.348,0.0,8.496,-0.00782436062127756,0.051,-0.08928571428571441,-3.231,-0.0006186204763378722,69.0,0.0
2023-06-08,37.353,0.00013387597729463963,8.43,-0.007768361581920957,0.058,0.1372549019607845,-3.226,-0.0015475085112968134,69.0,0.0
2023-06-09,36.98,-0.009985811045966964,8.227,-0.024080664294187315,-0.026,-1.4482758620689655,-3.242,0.004959702417854928,68.0,-0.01449275362318836
2023-06-12,36.919,-0.0016495402920497781,8.216,-0.0013370608970464382,-0.031,0.1923076923076923,-3.236,-0.0018507094386180922,68.0,0.0
2023-06-13,37.322,0.010915788618326872,8.466,0.03042843232716641,0.053,-2.709677419354839,-3.216,-0.006180469715698411,69.0,0.014705882352941124
2023-06-14,36.607,-0.01915760141471523,8.026,-0.051972596267422566,-0.117,-3.207547169811321,-3.246,0.009328358208955168,67.0,-0.02898550724637683
2023-06-15,37.336,0.019914224055508578,8.431,0.05046100174433077,0.051,-1.435897435897436,-3.211,-0.010782501540357425,69.0,0.029850746268656803
2023-06-16,36.973,-0.00972251982001282,8.225,-0.024433637765389538,-0.043,-1.843137254901961,-3.228,0.005294300840859689,68.0,-0.01449275362318836
2023-06-19,36.973,0.0,8.225,0.0,-0.043,0.0,-3.228,0.0,68.0,0.0
2023-06-20,36.916,-0.00154166553971824,8.234,0.0010942249240122326,-0.032,-0.255813953488372,-3.22,-0.0024783147459727095,68.0,0.0
2023-06-21,36.903,-0.000352150828908826,8.221,-0.0015788195287831375,-0.042,0.3125,-3.223,0.0009316770186333923,68.0,0.0
2023-06-22,37.287,0.010405658076579227,8.405,0.022381705388638817,0.031,-1.7380952380952381,-3.208,-0.004654049022649653,69.0,0.014705882352941124
2023-06-23,37.271,-0.0004291039772574834,8.415,0.0011897679952408424,0.036,0.16129032258064502,-3.203,-0.0015586034912719038,69.0,0.0
2023-06-26,37.645,0.010034611360038692,8.593,0.021152703505644688,0.107,1.9722222222222223,-3.18,-0.007180768029971807,70.0,0.01449275362318847
2023-06-27,38.0,0.009430203214238153,8.81,0.02525311299895261,0.189,0.766355140186916,-3.157,-0.007232704402515777,71.0,0.014285714285714235
2023-06-28,37.25,-0.019736842105263164,8.444,-0.04154370034052213,0.05,-0.7354497354497355,-3.19,0.010452961672473782,69.0,-0.028169014084507005
2023-06-29,36.538,-0.019114093959731626,8.037,-0.04819990525817153,-0.109,-3.1799999999999997,-3.225,0.010971786833855912,67.0,-0.02898550724637683
2023-06-30,36.164,-0.01023591876950014,7.815,-0.02762224710712957,-0.201,0.8440366972477065,-3.242,0.005271317829457445,66.0,-0.014925373134328401
2023-07-03,35.328,-0.023116911846034705,7.399,-0.053230966090850984,-0.373,0.8557213930348258,-3.275,0.010178901912399674,64.0,-0.030303030303030276
2023-07-04,35.328,0.0,7.399,0.0,-0.373,0.0,-3.275,0.0,64.0,0.0
2023-07-05,35.678,0.00990715579710133,7.59,0.025814299229625526,-0.302,-0.19034852546916892,-3.25,-0.007633587786259555,65.0,0.015625
2023-07-06,36.406,0.020404731206906224,8.054,0.06113306982872202,-0.151,-0.5,-3.216,-0.010461538461538411,67.0,0.03076923076923066
2023-07-07,36.824,0.011481623908146998,8.264,0.026074000496647542,-0.025,-0.8344370860927153,-3.199,-0.005286069651741387,68.0,0.014925373134328401
2023-07-10,36.746,-0.0021181837931782965,8.25,-0.0016940948693126012,-0.043,0.7199999999999998,-3.194,-0.0015629884338855815,68.0,0.0
2023-07-11,35.623,-0.030561149512872254,7.66,-0.07151515151515153,-0.247,4.744186046511628,-3.246,0.016280525986224204,65.0,-0.044117647058823484
2023-07-12,34.832,-0.022204755354686467,7.25,-0.05352480417754568,-0.406,0.6437246963562755,-3.276,0.009242144177449063,63.0,-0.03076923076923077
2023-07-13,34.071,-0.021847726228755193,6.809,-0.060827586206896544,-0.569,0.40147783251231495,-3.315,0.011904761904761862,61.0,-0.031746031746031744
2023-07-14,34.466,0.011593437234011406,7.011,0.02966661771185186,-0.487,-0.1441124780316344,-3.301,-0.004223227752639502,62.0,0.016393442622950838
2023-07-17,35.652,0.0344107236116753,7.616,0.08629296819283971,-0.239,-0.5092402464065708,-3.243,-0.017570433202060087,65.0,0.048387096774193505
2023-07-18,35.236,-0.011668349601705486,7.387,-0.03006827731092443,-0.324,0.35564853556485376,-3.258,0.0046253469010175685,64.0,-0.01538461538461533
2023-07-19,34.864,-0.010557384493132038,7.175,-0.028699065926627854,-0.388,0.19753086419753085,-3.276,0.0055248618784529135,63.0,-0.015625
2023-07-20,34.856,-0.0002294630564477762,7.166,-0.0012543554006967383,-0.4,0.030927835051546504,-3.272,-0.0012210012210012167,63.0,0.0
2023-07-21,34.861,0.00014344732614168798,7.13,-0.005023723137036029,-0.4,0.0,-3.27,-0.0006112469437652424,63.0,0.0
2023-07-24,34.85,-0.0003155388543070181,7.123,-0.0009817671809255746,-0.406,0.014999999999999902,-3.272,0.0006116207951070152,63.0,0.0
2023-07-25,34.489,-0.010358680057388936,6.908,-0.03018391127333986,-0.483,0.18965517241379293,-3.281,0.002750611246943979,62.0,-0.015873015873015928
2023-07-26,34.834,0.010003189422714609,7.147,0.03459756803705849,-0.402,-0.16770186335403714,-3.268,-0.003962206644315902,63.0,0.016129032258064502
2023-07-27,33.662,-0.03364528908537645,6.465,-0.09542465370085351,-0.639,0.5895522388059702,-3.311,0.013157894736842257,60.0,-0.04761904761904767
2023-07-28,34.072,0.012179906125601603,6.72,0.03944315545243615,-0.563,-0.11893583724569645,-3.293,-0.0054364240410751385,61.0,0.016666666666666607
2023-07-31,33.655,-0.012238788447992532,6.574,-0.02172619047619051,-0.638,0.13321492007104818,-3.305,0.003644093531733894,60.0,-0.016393442622950838
2023-08-01,34.007,0.010459069974743551,6.645,0.0108001216915119,-0.545,-0.14576802507836983,-3.271,-0.010287443267776197,61.0,0.016666666666666607
2023-08-02,34.76,0.02214250007351426,7.016,0.055831452219714084,-0.38,-0.3027522935779817,-3.242,-0.008865790278202335,63.0,0.032786885245901676
2023-08-03,35.179,0.012054085155351002,7.221,0.029218928164196134,-0.304,-0.20000000000000007,-3.227,-0.004626773596545397,64.0,0.015873015873015817
2023-08-04,35.558,0.010773472810483353,7.421,0.027696994876055925,-0.226,-0.256578947368421,-3.206,-0.006507592190889366,65.0,0.015625
2023-08-07,35.47,-0.002474829855447447,7.419,-0.00026950545748560817,-0.219,-0.030973451327433676,-3.209,0.0009357454772302987,65.0,0.0
2023-08-08,35.841,0.010459543276007954,7.61,0.025744709529586407,-0.149,-0.319634703196347,-3.19,-0.005920847616079805,66.0,0.01538461538461533
2023-08-09,35.44,-0.011188303897770813,7.351,-0.034034165571616315,-0.21,0.4093959731543624,-3.206,0.005015673981191293,65.0,-0.015151515151515138
2023-08-10,35.084,-0.010045146726862186,7.142,-0.02843150591756216,-0.299,0.42380952380952386,-3.223,0.005302557704304434,64.0,-0.01538461538461533
2023-08-11,35.062,-0.0006270664690458672,7.161,0.0026603192383085617,-0.304,0.01672240802675584,-3.217,-0.0018616196090598391,64.0,0.0
2023-08-14,35.024,-0.0010837944213106798,7.151,-0.0013964530093562022,-0.32,0.05263157894736836,-3.214,-0.000932545850170996,64.0,0.0
2023-08-15,35.347,0.009222247601644584,7.274,0.017200391553628958,-0.215,-0.328125,-3.185,-0.009023024268823843,65.0,0.015625
2023-08-16,35.329,-0.0005092369932384599,7.25,-0.003299422601044766,-0.213,-0.009302325581395321,-3.177,-0.0025117739403454076,65.0,0.0
2023-08-17,35.715,0.010925868266862926,7.457,0.028551724137930945,-0.139,-0.34741784037558676,-3.153,-0.007554296506137925,66.0,0.01538461538461533
2023-08-18,36.773,0.029623407531849333,7.996,0.07228107818157437,0.094,-1.6762589928057552,-3.104,-0.015540754836663506,69.0,0.045454545454545414
2023-08-21,35.999,-0.021048051559568237,7.662,-0.04177088544272145,-0.073,-1.7765957446808511,-3.136,0.010309278350515427,67.0,-0.02898550724637683
2023-08-22,35.979,-0.0005555709880831206,7.668,0.000783085356303781,-0.068,-0.06849315068493134,-3.136,0.0,67.0,0.0
2023-08-23,35.693,-0.007949081408599512,7.482,-0.024256651017214415,-0.144,1.117647058823529,-3.154,0.005739795918367374,66.0,-0.014925373134328401
2023-08-24,34.549,-0.03205110245706433,6.906,-0.07698476343223748,-0.387,1.6875000000000004,-3.205,0.016169942929613157,63.0,-0.045454545454545414
2023-08-25,34.934,0.011143593157544318,7.098,0.027801911381407418,-0.312,-0.1937984496124031,-3.188,-0.005304212168486755,64.0,0.015873015873015817
2023-08-28,34.934,0.0,7.098,0.0,-0.312,0.0,-3.188,0.0,64.0,0.0
2023-08-29,34.139,-0.02275719929008968,6.692,-0.05719921104536485,-0.478,0.5320512820512819,-3.216,0.008782936010037545,62.0,-0.03125
2023-08-30,33.751,-0.011365300682504076,6.493,-0.02973699940227137,-0.564,0.17991631799163166,-3.232,0.004975124378109541,61.0,-0.016129032258064502
2023-08-31,33.352,-0.01182187194453499,6.28,-0.03280455875558297,-0.634,0.12411347517730498,-3.246,0.004331683168316669,60.0,-0.016393442622950838
2023-09-01,33.305,-0.0014092108419284655,6.248,-0.005095541401273884,-0.637,0.004731861198738141,-3.243,-0.0009242144177449285,60.0,0.0
2023-09-04,33.305,0.0,6.248,0.0,-0.637,0.0,-3.243,0.0,60.0,0.0
2023-09-05,33.603,0.008947605464644903,6.407,0.025448143405889745,-0.55,-0.13657770800627933,-3.22,-0.007092198581560183,61.0,0.016666666666666607
2023-09-06,33.985,0.011368032616135393,6.606,0.031059778367410695,-0.493,-0.10363636363636375,-3.199,-0.006521739130434856,62.0,0.016393442622950838
2023-09-07,34.388,0.011858172723260285,6.798,0.02906448683015439,-0.448,-0.09127789046653145,-3.184,-0.0046889653016566335,63.0,0.016129032258064502
2023-09-08,33.927,-0.013405839246248608,6.681,-0.017210944395410377,-0.528,0.1785714285714286,-3.197,0.004082914572864249,62.0,-0.015873015873015928
2023-09-11,33.576,-0.010345742329118335,6.406,-0.04116150276904662,-0.593,0.12310606060606055,-3.21,0.004066312167657182,61.0,-0.016129032258064502
2023-09-12,33.541,-0.0010424112461282498,6.399,-0.0010927255697782412,-0.598,0.008431703204047292,-3.206,-0.0012461059190030932,61.0,0.0
2023-09-13,33.885,0.010256104469157146,6.556,0.024535083606813668,-0.533,-0.10869565217391297,-3.183,-0.007174048658764809,62.0,0.016393442622950838
2023-09-14,33.119,-0.022605872805075977,6.152,-0.06162294081757169,-0.684,0.28330206378986866,-3.216,0.01036757775683328,60.0,-0.032258064516129004
2023-09-15,33.066,-0.0016002898638243224,6.154,0.00032509752925879987,-0.684,0.0,-3.209,-0.0021766169154229242,60.0,0.0
2023-09-18,33.436,0.011189741728663716,6.35,0.03184920376990563,-0.619,-0.09502923976608191,-3.186,-0.007167341851043951,61.0,0.016666666666666607
2023-09-19,33.028,-0.012202416557004492,6.154,-0.030866141732283414,-0.698,0.1276252019386106,-3.197,0.003452605147520549,60.0,-0.016393442622950838
2023-09-20,33.047,0.0005752694683298643,6.148,-0.0009749756256094422,-0.701,0.004297994269341077,-3.189,-0.0025023459493275224,60.0,0.0
2023-09-21,34.217,0.03540412140285043,6.715,0.09222511385816534,-0.482,-0.31241084165477884,-3.143,-0.01442458450925066,63.0,0.050000000000000044
2023-09-22,34.584,0.01072566268229247,6.903,0.027997021593447524,-0.413,-0.1431535269709544,-3.122,-0.006681514476614692,64.0,0.015873015873015817
2023-09-25,34.511,-0.0021108026833217552,6.876,-0.003911342894393655,-0.423,0.02421307506053272,-3.118,-0.0012812299807815064,64.0,0.0
2023-09-26,34.882,0.010750195589811717,7.06,0.026759744037230915,-0.354,-0.16312056737588654,-3.095,-0.0073765234124437695,65.0,0.015625
2023-09-27,35.205,0.009259790149647396,7.258,0.028045325779036956,-0.306,-0.13559322033898302,-3.073,-0.007108239095315105,66.0,0.01538461538461533
2023-09-28,35.582,0.010708706149694658,7.436,0.024524662441443912,-0.218,-0.2875816993464052,-3.057,-0.00520663846404168,67.0,0.015151515151515138
2023-09-29,34.406,-0.03305041875105397,6.81,-0.08418504572350727,-0.465,1.1330275229357798,-3.105,0.015701668302257055,64.0,-0.04477611940298509
2023-10-02,35.118,0.020694064988664884,7.2,0.05726872246696035,-0.333,-0.28387096774193543,-3.072,-0.010628019323671523,66.0,0.03125
2023-10-03,35.875,0.02155589726066398,7.515,0.043749999999999956,-0.222,-0.33333333333333337,-3.034,-0.01236979166666674,68.0,0.030303030303030276
2023-10-04,36.569,0.019344947735191687,7.916,0.053359946773120503,-0.094,-0.5765765765765766,-2.99,-0.014502307185233931,70.0,0.02941176470588225
2023-10-05,36.62,0.001394623861740607,7.918,0.00025265285497733103,-0.093,-0.010638297872340385,-2.991,0.00033444816053518345,70.0,0.0
2023-10-06,36.559,-0.0016657564172583017,7.878,-0.005051780752715285,-0.1,0.07526881720430123,-2.984,-0.0023403543965229145,70.0,0.0
2023-10-09,36.559,0.0,7.878,0.0,-0.1,0.0,-2.984,0.0,70.0,0.0
2023-10-10,35.453,-0.030252468612379846,7.326,-0.0700685453160701,-0.333,2.33,-3.028,0.014745308310992078,67.0,-0.042857142857142816
2023-10-11,34.748,-0.019885482187685266,6.925,-0.0547365547365547,-0.485,0.4564564564564564,-3.058,0.009907529722589015,65.0,-0.02985074626865669
2023-10-12,34.719,-0.000834580407505392,6.89,-0.005054151624548808,-0.492,0.014432989690721598,-3.054,-0.001308044473512071,65.0,0.0
2023-10-13,35.459,0.021313977937152728,7.259,0.05355587808418005,-0.352,-0.2845528455284553,-3.021,-0.01080550098231825,67.0,0.03076923076923066
2023-10-16,35.782,0.009109111932090297,7.429,0.023419203747072626,-0.286,-0.1875,-3.0,-0.006951340615690138,68.0,0.014925373134328401
2023-10-17,35.437,-0.009641719300206741,7.222,-0.02786377708978327,-0.36,0.25874125874125875,-3.014,0.004666666666666597,67.0,-0.014705882352941124
2023-10-18,35.794,0.010074216214690734,7.407,0.025616172805317028,-0.295,-0.18055555555555558,-2.994,-0.006635700066356831,68.0,0.014925373134328401
2023-10-19,36.517,0.02019891601944468,7.784,0.05089779937896588,-0.159,-0.4610169491525423,-2.959,-0.011690046760187034,70.0,0.02941176470588225
2023-10-20,37.164,0.017717775282744874,8.138,0.04547790339157243,-0.02,-0.8742138364779874,-2.925,-0.011490368367691906,72.0,0.02857142857142847
2023-10-23,37.48,0.008502852222580959,8.308,0.020889653477512926,-0.02,0.0,-2.903,-0.00752136752136745,73.0,0.01388888888888884
2023-10-24,36.414,-0.028441835645677593,7.753,-0.06680308136735669,-0.181,8.049999999999999,-2.942,0.013434378229417954,70.0,-0.04109589041095896
2023-10-25,36.035,-0.010408084802548623,7.553,-0.025796465884173836,-0.244,0.34806629834254155,-2.963,0.007138001359619173,69.0,-0.014285714285714235
2023-10-26,37.693,0.04601082281115576,8.467,0.12101151860188009,0.105,-1.430327868852459,-2.882,-0.027337158285521412,74.0,0.07246376811594213
2023-10-27,37.391,-0.008012097736980306,8.237,-0.02716428487067446,0.04,-0.6190476190476191,-2.892,0.003469812630117808,73.0,-0.013513513513513487
2023-10-30,37.277,-0.0030488620256210464,8.223,-0.0016996479300716016,0.03,-0.25,-2.895,0.0010373443983402453,73.0,0.0
2023-10-31,36.593,-0.018349116076937455,7.841,-0.04645506506141317,-0.115,-4.833333333333334,-2.92,0.008635578583765069,71.0,-0.0273972602739726
2023-11-01,36.548,-0.0012297433935453128,7.816,-0.0031883688305063274,-0.113,-0.017391304347826098,-2.913,-0.00239726027397269,71.0,0.0
2023-11-02,34.811,-0.0475265404399694,6.904,-0.11668372569089047,-0.463,3.0973451327433628,-2.996,0.02849296258153111,66.0,-0.07042253521126762
2023-11-03,34.101,-0.02039585188589821,6.503,-0.058082271147161024,-0.592,0.2786177105831533,-3.02,0.008010680907877266,64.0,-0.030303030303030276
2023-11-06,33.332,-0.022550658338465146,6.162,-0.05243733661387051,-0.736,0.2432432432432432,-3.05,0.009933774834437026,62.0,-0.03125
2023-11-07,34.008,0.020280811232449292,6.509,0.05631288542680957,-0.601,-0.18342391304347827,-3.022,-0.009180327868852478,64.0,0.032258064516129004
2023-11-08,32.421,-0.046665490472829974,5.752,-0.11630050699032113,-0.902,0.5008319467554077,-3.08,0.019192587690271434,60.0,-0.0625
2023-11-09,32.76,0.010456185805496343,5.933,0.03146731571627259,-0.831,-0.07871396895787142,-3.064,-0.0051948051948051965,61.0,0.016666666666666607
2023-11-10,32.767,0.00021367521367543496,5.925,-0.0013483903590089108,-0.824,-0.008423586040914532,-3.063,-0.00032637075718011666,61.0,0.0
2023-11-13,32.347,-0.0128177739799189,5.74,-0.03122362869198303,-0.916,0.11165048543689338,-3.071,0.0026118184786156906,60.0,-0.016393442622950838
2023-11-14,31.957,-0.012056759514019855,5.54,-0.03484320557491294,-0.978,0.06768558951965065,-3.085,0.004558775643112911,59.0,-0.01666666666666672
2023-11-15,30.767,-0.03723753794160911,5.005,-0.0965703971119134,-1.147,0.17280163599182008,-3.135,0.01620745542949753,56.0,-0.05084745762711862
2023-11-16,31.099,0.01079078233171904,5.168,0.03256743256743255,-1.103,-0.038360941586748076,-3.118,-0.005422647527910662,57.0,0.017857142857142794
2023-11-17,30.667,-0.013891121901025705,4.978,-0.03676470588235303,-1.174,0.06436990027198553,-3.132,0.004490057729313657,56.0,-0.01754385964912286
2023-11-20,30.649,-0.0005869501418462875,4.976,-0.0004017677782240936,-1.164,-0.008517887563884163,-3.126,-0.0019157088122606636,56.0,0.0
2023-11-21,30.126,-0.017064178276615882,4.813,-0.03275723472668812,-1.24,0.06529209621993126,-3.134,0.002559181062060212,55.0,-0.017857142857142905
2023-11-22,29.685,-0.014638518223461516,4.62,-0.04009972989819233,-1.307,0.05403225806451606,-3.15,0.0051052967453733,54.0,-0.018181818181818188
2023-11-23,29.685,0.0,4.62,0.0,-1.307,0.0,-3.15,0.0,54.0,0.0
2023-11-24,29.739,0.0018191005558363393,4.625,0.0010822510822510178,-1.293,-0.010711553175210442,-3.147,-0.0009523809523810378,54.0,0.0
2023-11-27,30.024,0.009583375365681324,4.804,0.03870270270270271,-1.224,-0.05336426914153125,-3.126,-0.006673021925643452,55.0,0.0185185185185186
2023-11-28,30.393,0.012290167865707469,4.952,0.030807660283097338,-1.179,-0.03676470588235292,-3.102,-0.007677543186180413,56.0,0.018181818181818077
2023-11-29,29.137,-0.041325305168953386,4.395,-0.11247980613893382,-1.368,0.16030534351145032,-3.149,0.015151515151515138,53.0,-0.0535714285714286
2023-11-30,29.074,-0.0021621992655386224,4.363,-0.007281001137656284,-1.372,0.0029239766081872176,-3.145,-0.0012702445220704739,53.0,0.0
2023-12-01,29.466,0.01348283689894747,4.52,0.03598441439376554,-1.303,-0.050291545189504516,-3.126,-0.0060413354531001495,54.0,0.018867924528301883
2023-12-04,29.024,-0.015000339374193983,4.376,-0.03185840707964582,-1.357,0.04144282425172685,-3.141,0.004798464491362786,53.0,-0.01851851851851849
2023-12-05,29.402,0.013023704520396917,4.445,0.015767824497257665,-1.304,-0.03905674281503313,-3.119,-0.00700413880929629,54.0,0.018867924528301883
2023-12-06,29.007,-0.013434460240799972,4.276,-0.038020247469066515,-1.369,0.049846625766871044,-3.134,0.004809233728759077,53.0,-0.01851851851851849
2023-12-07,29.363,0.012272899644913293,4.441,0.03858746492048648,-1.31,-0.043097151205259254,-3.114,-0.0063816209317166805,54.0,0.018867924528301883
2023-12-08,29.348,-0.0005108469843000396,4.455,0.003152443143436212,-1.309,-0.0007633587786259888,-3.11,-0.0012845215157354373,54.0,0.0
2023-12-11,28.851,-0.016934714460951295,4.23,-0.050505050505050386,-1.371,0.04736440030557687,-3.118,0.0025723472668810476,53.0,-0.01851851851851849
2023-12-12,28.424,-0.014800180236386962,4.032,-0.04680851063829794,-1.432,0.04449307075127651,-3.129,0.00352790250160373,52.0,-0.018867924528301883
2023-12-13,27.982,-0.015550239234449759,3.861,-0.04241071428571419,-1.49,0.04050279329608952,-3.142,0.004154682007031063,51.0,-0.019230769230769273
2023-12-14,25.844,-0.07640626116789362,2.945,-0.23724423724423738,-1.805,0.21140939597315422,-3.218,0.024188415022278864,46.0,-0.0980392156862745
2023-12-15,26.627,0.030297167621111232,3.229,0.0964346349745333,-1.688,-0.06481994459833795,-3.184,-0.01056556867619629,48.0,0.04347826086956519
2023-12-18,27.049,0.01584857475494794,3.474,0.07587488386497365,-1.614,-0.04383886255924163,-3.17,-0.0043969849246231485,49.0,0.02083333333333326
2023-12-19,27.04,-0.0003327294909238887,3.46,-0.004029936672423795,-1.618,0.0024783147459728205,-3.166,-0.0012618296529968154,49.0,0.0
2023-12-20,27.001,-0.0014423076923075762,3.404,-0.016184971098265888,-1.623,0.0030902348578492056,-3.164,-0.0006317119393556281,49.0,0.0
2023-12-21,27.435,0.016073478760045834,3.574,0.04994124559341939,-1.556,-0.04128157732593962,-3.149,-0.004740834386852133,50.0,0.020408163265306145
2023-12-22,27.435,0.0,3.574,0.0,-1.556,0.0,-3.149,0.0,50.0,0.0
2023-12-25,27.435,0.0,3.574,0.0,-1.556,0.0,-3.149,0.0,50.0,0.0
2023-12-26,27.435,0.0,3.574,0.0,-1.556,0.0,-3.149,0.0,50.0,0.0
2023-12-27,27.435,0.0,3.574,0.0,-1.556,0.0,-3.149,0.0,50.0,0.0
2023-12-28,25.97,-0.053398942956078055,2.888,-0.1919418019026301,-1.755,0.1278920308483289,-3.178,0.009209272785011047,47.0,-0.06000000000000005
2023-12-29,25.521,-0.01728917982287248,2.71,-0.061634349030470936,-1.807,0.029629629629629672,-3.193,0.004719949653870348,46.0,-0.021276595744680882
2024-01-01,25.521,0.0,2.71,0.0,-1.807,0.0,-3.193,0.0,46.0,0.0
2024-01-02,27.136,0.06328121938795506,3.465,0.27859778597785967,-1.587,-0.12174875484227998,-3.123,-0.02192295646727216,50.0,0.08695652173913038
2024-01-03,27.898,0.028080778301886822,3.712,0.0712842712842714,-1.447,-0.08821676118462507,-3.084,-0.012487992315081686,52.0,0.040000000000000036
2024-01-04,27.521,-0.013513513513513487,3.621,-0.024515086206896575,-1.521,0.05114029025570144,-3.104,0.006485084306095956,51.0,-0.019230769230769273
2024-01-05,27.462,-0.002143817448493901,3.553,-0.018779342723004744,-1.505,-0.01051939513477973,-3.098,-0.0019329896907217536,51.0,0.0
2024-01-08,27.513,0.0018571116451824299,3.618,0.01829439909935271,-1.531,0.017275747508305628,-3.087,-0.0035506778566816166,51.0,0.0
2024-01-09,26.566,-0.03442009231999432,3.152,-0.12880044223327802,-1.631,0.06531678641410843,-3.117,0.00971817298347899,49.0,-0.039215686274509776
2024-01-10,25.815,-0.028269216291500365,2.909,-0.07709390862944177,-1.735,0.06376456161863886,-3.145,0.008982996470965787,47.0,-0.04081632653061229
2024-01-11,25.3,-0.019949641681193175,2.675,-0.08044001375042975,-1.805,0.040345821325648235,-3.156,0.0034976152623211743,46.0,-0.021276595744680882
2024-01-12,25.355,0.0021739130434783593,2.686,0.00411214953271033,-1.799,-0.003324099722991747,-3.16,0.0012674271229404788,46.0,0.0
2024-01-15,25.355,0.0,2.686,0.0,-1.799,0.0,-3.16,0.0,46.0,0.0
2024-01-16,25.212,-0.00563991323210411,2.65,-0.013402829486224843,-1.803,0.0022234574763757564,-3.151,-0.002848101265822911,46.0,0.0
2024-01-17,25.58,0.014596224020307691,2.805,0.05849056603773595,-1.74,-0.03494176372712143,-3.127,-0.007616629641383654,47.0,0.021739130434782705
2024-01-18,25.547,-0.0012900703674745273,2.75,-0.019607843137254943,-1.734,-0.0034482758620689724,-3.123,-0.0012791813239525496,47.0,0.0
2024-01-19,25.131,-0.016283712373272752,2.569,-0.06581818181818189,-1.8,0.03806228373702436,-3.129,0.0019212295869355245,46.0,-0.021276595744680882
2024-01-22,24.63,-0.019935537782022283,2.393,-0.06850914752822113,-1.854,0.030000000000000027,-3.129,0.0,45.0,-0.021739130434782594
2024-01-23,25.057,0.017336581404790996,2.574,0.07563727538654419,-1.795,-0.03182308522114352,-3.114,-0.004793863854266611,46.0,0.022222222222222143
2024-01-24,24.982,-0.002993175559723782,2.484,-0.03496503496503489,-1.8,0.0027855153203342198,-3.114,0.0,46.0,0.0
2024-01-25,24.958,-0.0009606916980225977,2.468,-0.006441223832528209,-1.8,0.0,-3.115,0.00032113037893388707,46.0,0.0
2024-01-26,24.483,-0.01903197371584253,2.352,-0.04700162074554304,-1.853,0.029444444444444384,-3.127,0.003852327447833037,45.0,-0.021739130434782594
2024-01-29,24.481,-8.168933545715795e-05,2.336,-0.006802721088435382,-1.859,0.0032379924446843678,-3.122,-0.001598976654940798,45.0,0.0
2024-01-30,24.438,-0.00175646419672415,2.31,-0.011130136986301276,-1.851,-0.004303388918773576,-3.119,-0.000960922485586102,45.0,0.0
2024-01-31,24.453,0.0006137981831573214,2.335,0.010822510822510845,-1.852,0.0005402485143166658,-3.115,-0.0012824623276691538,45.0,0.0
2024-02-01,24.849,0.0161943319838056,2.473,0.05910064239828694,-1.802,-0.02699784017278617,-3.101,-0.004494382022471988,46.0,0.022222222222222143
2024-02-02,24.437,-0.016580144070183822,2.299,-0.07035988677719363,-1.851,0.027192008879023177,-3.115,0.004514672686230403,45.0,-0.021739130434782594
2024-02-05,24.357,-0.003273724270573375,2.304,0.002174858634188759,-1.851,0.0,-3.105,-0.0032102728731943087,45.0,0.0
2024-02-06,24.808,0.018516237631892363,2.482,0.07725694444444464,-1.782,-0.037277147487844386,-3.09,-0.004830917874396157,46.0,0.022222222222222143
2024-02-07,24.729,-0.003184456626894594,2.456,-0.010475423045930854,-1.794,0.006734006734006703,-3.085,-0.0016181229773462036,46.0,0.0
2024-02-08,24.738,0.00036394516559501433,2.463,0.002850162866449457,-1.783,-0.006131549609810549,-3.085,0.0,46.0,0.0
2024-02-09,24.345,-0.015886490419597443,2.291,-0.06983353633779954,-1.838,0.030846887268648482,-3.094,0.00291734197730964,45.0,-0.021739130434782594
2024-02-12,24.252,-0.00382008626001229,2.289,-0.0008729812309034024,-1.832,-0.0032644178454842576,-3.092,-0.0006464124111181802,45.0,0.0
2024-02-13,23.869,-0.015792511957776645,2.133,-0.06815203145478377,-1.893,0.033296943231440945,-3.105,0.004204398447606783,44.0,-0.022222222222222254
2024-02-14,24.252,0.016045917298588064,2.295,0.07594936708860756,-1.834,-0.031167459059693536,-3.082,-0.007407407407407418,45.0,0.022727272727272707
2024-02-15,23.767,-0.01999835065149269,2.12,-0.07625272331154676,-1.898,0.034896401308615044,-3.092,0.0032446463335498166,44.0,-0.022222222222222254
2024-02-16,23.429,-0.014221399419363068,1.975,-0.06839622641509435,-1.934,0.018967334035827177,-3.104,0.0038809831824062613,43.0,-0.022727272727272707
2024-02-19,23.429,0.0,1.975,0.0,-1.934,0.0,-3.104,0.0,43.0,0.0
2024-02-20,23.805,0.016048486917922267,2.131,0.07898734177215183,-1.885,-0.0253360910031023,-3.085,-0.006121134020618646,44.0,0.023255813953488413
2024-02-21,23.859,0.0022684310018903364,2.13,-0.000469263256686947,-1.881,-0.002122015915119402,-3.091,0.0019448946515396859,44.0,0.0
2024-02-22,23.029,-0.03478771113625889,1.835,-0.13849765258215962,-1.99,0.057947900053163304,-3.117,0.008411517308314354,42.0,-0.045454545454545414
2024-02-23,23.029,0.0,1.834,-0.0005449591280652921,-1.99,0.0,-3.105,-0.0038498556304138454,42.0,0.0
2024-02-26,23.371,0.01485084024490857,1.954,0.06543075245365304,-1.935,-0.027638190954773822,-3.085,-0.006441223832528209,43.0,0.023809523809523725
2024-02-27,23.353,-0.0007701852723459579,1.951,-0.0015353121801432446,-1.933,-0.001033591731266159,-3.081,-0.0012965964343597536,43.0,0.0
2024-02-28,23.358,0.00021410525414289339,1.958,0.0035879036391592845,-1.931,-0.0010346611484738366,-3.081,0.0,43.0,0.0
2024-02-29,23.321,-0.0015840397294288877,1.937,-0.010725229826353377,-1.927,-0.0020714655618850886,-3.081,0.0,43.0,0.0
2024-03-01,23.31,-0.0004716778868831817,1.919,-0.00929272070211673,-1.927,0.0,-3.082,0.0003245699448231054,43.0,0.0
2024-03-04,22.819,-0.021063921063921076,1.763,-0.08129233976029193,-1.975,0.024909185262065314,-3.095,0.004218040233614717,42.0,-0.023255813953488413
2024-03-05,22.822,0.0001314693895437813,1.768,0.0028360748723768037,-1.973,-0.0010126582278481289,-3.092,-0.0009693053311793376,42.0,0.0
2024-03-06,22.806,-0.0007010779072823548,1.763,-0.002828054298642635,-1.976,0.001520527116066761,-3.09,-0.0006468305304011546,42.0,0.0
2024-03-07,22.398,-0.017890028939752778,1.589,-0.0986954055587067,-2.022,0.023279352226720507,-3.107,0.0055016181229774475,41.0,-0.023809523809523836
2024-03-08,22.383,-0.0006697026520224858,1.568,-0.013215859030836996,-2.024,0.0009891196834819205,-3.096,-0.0035403926617315618,41.0,0.0
2024-03-11,21.885,-0.022249028280391214,1.424,-0.09183673469387765,-2.073,0.02420948616600782,-3.103,0.002260981912144633,40.0,-0.024390243902439046
2024-03-12,21.873,-0.000548320767649102,1.427,0.00210674157303381,-2.077,0.0019295706705257931,-3.101,-0.0006445375443120405,40.0,0.0
2024-03-13,21.006,-0.039637909751748746,1.132,-0.20672740014015423,-2.171,0.04525758305247951,-3.133,0.010319251854240541,38.0,-0.050000000000000044
2024-03-14,21.007,4.76054460631925e-05,1.118,-0.012367491166077604,-2.175,0.0018424689083371693,-3.124,-0.002872646026172987,38.0,0.0
2024-03-15,21.481,0.02256390726900559,1.249,0.11717352415026827,-2.104,-0.0326436781609194,-3.105,-0.006081946222791346,39.0,0.026315789473684292
2024-03-18,21.471,-0.00046552767562035857,1.244,-0.004003202562049779,-2.102,-0.0009505703422054701,-3.095,-0.0032206119162639935,39.0,0.0
2024-03-19,21.86,0.018117460761026383,1.391,0.11816720257234725,-2.05,-0.024738344433872572,-3.074,-0.006785137318255363,40.0,0.02564102564102555
2024-03-20,21.374,-0.0222323879231473,1.27,-0.08698777857656359,-2.07,0.009756097560975618,-3.092,0.005855562784645496,39.0,-0.025000000000000022
2024-03-21,20.025,-0.06311406381585105,0.762,-0.4,-2.234,0.0792270531400967,-3.131,0.012613195342820127,36.0,-0.07692307692307687
2024-03-22,20.917,0.04454431960049954,1.003,0.3162729658792649,-2.099,-0.06042972247090417,-3.105,-0.008304056212072752,38.0,0.05555555555555558
2024-03-25,20.874,-0.002055744131567727,1.058,0.05483549351944195,-2.1,0.0004764173415912065,-3.1,-0.0016103059581320522,38.0,0.0
2024-03-26,20.333,-0.025917409217207976,0.854,-0.1928166351606806,-2.151,0.024285714285714244,-3.109,0.002903225806451637,37.0,-0.02631578947368418
2024-03-27,20.811,0.02350858210790352,1.047,0.2259953161592505,-2.108,-0.01999070199907005,-3.095,-0.004503055644901832,38.0,0.027027027027026973
2024-03-28,20.327,-0.023256931430493455,0.876,-0.16332378223495692,-2.16,0.024667931688804545,-3.103,0.0025848142164781596,37.0,-0.02631578947368418
2024-03-29,20.327,0.0,0.876,0.0,-2.16,0.0,-3.103,0.0,37.0,0.0
2024-04-01,20.329,9.8391302208789e-05,0.855,-0.023972602739726012,-2.152,-0.0037037037037036535,-3.107,0.0012890750886238589,37.0,0.0
2024-04-02,20.731,0.019774706084903393,1.021,0.19415204678362574,-2.092,-0.027881040892193343,-3.076,-0.00997747022851625,38.0,0.027027027027026973
2024-04-03,20.665,-0.003183638030003544,1.009,-0.01175318315377083,-2.082,-0.004780114722753415,-3.078,0.0006501950585173777,38.0,0.0
2024-04-04,20.242,-0.020469392692959,0.86,-0.14767096134786906,-2.149,0.03218059558117203,-3.085,0.002274204028590132,37.0,-0.02631578947368418
2024-04-05,20.659,0.020600731153048057,1.0,0.16279069767441867,-2.09,-0.027454630060493312,-3.071,-0.004538087520259304,38.0,0.027027027027026973
2024-04-08,20.677,0.0008712909627766052,1.018,0.018000000000000016,-2.087,-0.0014354066985644565,-3.062,-0.0029306414848584428,38.0,0.0
2024-04-09,19.759,-0.044397156260579385,0.714,-0.29862475442043224,-2.194,0.05126976521322457,-3.103,0.013389941214892342,36.0,-0.052631578947368474
2024-04-10,19.7,-0.0029859810719166102,0.707,-0.009803921568627416,-2.186,-0.003646308113035568,-3.094,-0.00290041894940396,36.0,0.0
2024-04-11,20.53,0.04213197969543159,0.992,0.40311173974540315,-2.093,-0.04254345837145468,-3.048,-0.014867485455720697,38.0,0.05555555555555558
2024-04-12,20.439,-0.004432537749634702,0.985,-0.007056451612903247,-2.053,-0.019111323459149565,-3.039,-0.0029527559055118058,38.0,0.0
2024-04-15,20.877,0.02142961984441505,1.131,0.14822335025380706,-2.007,-0.022406234778373002,-3.034,-0.0016452780519908838,39.0,0.026315789473684292
2024-04-16,21.733,0.04100205968290482,1.396,0.23430592396109629,-1.892,-0.057299451918286115,-3.001,-0.010876730388925449,41.0,0.05128205128205132
2024-04-17,22.122,0.01789904753140381,1.526,0.09312320916905459,-1.846,-0.024312896405919604,-2.981,-0.006664445184938361,42.0,0.024390243902439046
2024-04-18,22.096,-0.0011753006057317883,1.556,0.019659239842725995,-1.847,0.0005417118093173912,-2.979,-0.0006709158000670623,42.0,0.0
2024-04-19,22.039,-0.0025796524257784004,1.54,-0.010282776349614386,-1.847,0.0,-2.977,-0.0006713662302787471,42.0,0.0
2024-04-22,21.163,-0.03974771995099602,1.221,-0.20714285714285707,-1.947,0.05414185165132657,-2.997,0.006718172657037336,40.0,-0.04761904761904767
2024-04-23,20.268,-0.04229079053064311,0.936,-0.2334152334152334,-2.028,0.04160246533127876,-3.017,0.006673340006673412,38.0,-0.050000000000000044
2024-04-24,19.716,-0.027235050325636445,0.776,-0.170940170940171,-2.084,0.027613412228796763,-3.034,0.005634736493205228,37.0,-0.02631578947368418
2024-04-25,20.09,0.018969364982755144,0.95,0.2242268041237112,-2.029,-0.026391554702495323,-3.015,-0.00626235992089641,38.0,0.027027027027026973
2024-04-26,20.082,-0.0003982080637132679,0.94,-0.010526315789473717,-2.028,-0.0004928536224740876,-3.014,-0.0003316749585406953,38.0,0.0
2024-04-29,19.191,-0.044368090827606954,0.647,-0.3117021276595744,-2.127,0.04881656804733714,-3.029,0.00497677504976779,36.0,-0.052631578947368474
2024-04-30,19.142,-0.002553280183419271,0.634,-0.020092735703245768,-2.125,-0.0009402914903618997,-3.031,0.000660283922086613,36.0,0.0
2024-05-01,20.434,0.06749555950266428,1.052,0.6593059936908519,-1.966,-0.07482352941176473,-2.985,-0.015176509402837435,39.0,0.08333333333333326
2024-05-02,19.504,-0.04551238132524227,0.768,-0.26996197718631176,-2.064,0.04984740590030534,-3.008,0.007705192629815727,37.0,-0.05128205128205132
2024-05-03,19.022,-0.024712879409352073,0.628,-0.18229166666666663,-2.11,0.022286821705426174,-3.022,0.00465425531914887,36.0,-0.027027027027026973
2024-05-06,18.54,-0.025339081064031044,0.501,-0.20222929936305734,-2.163,0.025118483412322146,-3.034,0.003970880211780381,35.0,-0.02777777777777779
2024-05-07,18.506,-0.0018338727076591121,0.467,-0.06786427145708573,-2.169,0.00277392510402219,-3.025,-0.0029663810151614456,35.0,0.0
2024-05-08,18.501,-0.0002701826434668986,0.478,0.023554603854389677,-2.164,-0.002305209774089434,-3.027,0.0006611570247934129,35.0,0.0
2024-05-09,18.496,-0.0002702556618562335,0.475,-0.006276150627615107,-2.163,-0.0004621072088726308,-3.018,-0.0029732408325074955,35.0,0.0
2024-05-10,18.482,-0.0007569204152249043,0.467,-0.01684210526315777,-2.159,-0.001849283402681423,-3.017,-0.0003313452617627055,35.0,0.0
2024-05-13,18.447,-0.0018937344443241688,0.458,-0.01927194860813708,-2.159,0.0,-3.013,-0.0013258203513424327,35.0,0.0
2024-05-14,18.839,0.02125006776169558,0.581,0.2685589519650653,-2.112,-0.021769337656322274,-2.997,-0.005310321938267526,36.0,0.02857142857142847
2024-05-15,18.398,-0.023408885821964986,0.434,-0.253012048192771,-2.159,0.022253787878787845,-3.006,0.0030030030030030463,35.0,-0.02777777777777779
2024-05-16,17.925,-0.025709316230024926,0.308,-0.29032258064516125,-2.207,0.0222325150532654,-3.022,0.005322687957418415,34.0,-0.02857142857142858
2024-05-17,17.857,-0.0037935843793585056,0.301,-0.022727272727272707,-2.209,0.0009062075215224841,-3.023,0.00033090668431512427,34.0,0.0
2024-05-20,17.425,-0.0241921935375482,0.175,-0.41860465116279066,-2.252,0.019465821638750436,-3.02,-0.000992391663910075,33.0,-0.02941176470588236
2024-05-21,17.372,-0.003041606886657111,0.199,0.13714285714285723,-2.252,0.0,-3.016,-0.0013245033112583293,33.0,0.0
2024-05-22,17.802,0.024752475247524774,0.343,0.7236180904522613,-2.201,-0.022646536412078033,-3.003,-0.004310344827586188,34.0,0.030303030303030276
2024-05-23,17.825,0.0012919896640826156,0.335,-0.023323615160349864,-2.199,-0.0009086778736938639,-3.002,-0.00033300033300043275,34.0,0.0
2024-05-24,17.825,0.0,0.335,0.0,-2.199,0.0,-3.002,0.0,34.0,0.0
2024-05-27,17.825,0.0,0.335,0.0,-2.199,0.0,-3.002,0.0,34.0,0.0
2024-05-28,17.805,-0.0011220196353436407,0.352,0.05074626865671639,-2.205,0.0027285129604366354,-3.001,-0.0003331112591604679,34.0,0.0
2024-05-29,18.177,0.020893007582139855,0.472,0.34090909090909083,-2.141,-0.029024943310657636,-2.972,-0.009663445518160563,35.0,0.02941176470588225
2024-05-30,18.703,0.02893766848214785,0.613,0.298728813559322,-2.077,-0.029892573563755298,-2.956,-0.0053835800807536804,36.0,0.02857142857142847
2024-05-31,18.729,0.0013901513126235443,0.64,0.04404567699836881,-2.089,0.00577756379393346,-2.96,0.0013531799729364913,36.0,0.0
2024-06-03,18.208,-0.027817822628010136,0.484,-0.24375000000000002,-2.135,0.022020105313547145,-2.963,0.001013513513513642,35.0,-0.02777777777777779
2024-06-04,18.182,-0.0014279437609842072,0.501,0.03512396694214881,-2.126,-0.004215456674472984,-2.965,0.0006749915626054204,35.0,0.0
2024-06-05,18.173,-0.0004949950500495737,0.499,-0.003992015968063867,-2.123,-0.0014111006585134644,-2.964,-0.00033726812816181617,35.0,0.0
2024-06-06,18.132,-0.0022560942056896183,0.509,0.02004008016032066,-2.123,0.0,-2.964,0.0,35.0,0.0
2024-06-07,18.59,0.025259210236046714,0.606,0.1905697445972494,-2.082,-0.019312293923693047,-2.95,-0.0047233468286098645,36.0,0.02857142857142847
2024-06-10,18.571,-0.0010220548682086106,0.6,-0.00990099009900991,-2.083,0.00048030739673410316,-2.946,-0.0013559322033898091,36.0,0.0
2024-06-11,18.462,-0.0058693662161435345,0.591,-0.015000000000000013,-2.089,0.00288046087373961,-2.937,-0.003054989816700715,36.0,0.0
2024-06-12,18.034,-0.023182753764489306,0.457,-0.22673434856175967,-2.13,0.0196266156055529,-2.946,0.00306435137895833,35.0,-0.02777777777777779
2024-06-13,18.031,-0.0001663524453809906,0.455,-0.004376367614879695,-2.125,-0.0023474178403755097,-2.946,0.0,35.0,0.0
2024-06-14,19.309,0.07087793244967022,0.852,0.8725274725274723,-1.982,-0.06729411764705884,-2.908,-0.012898845892736044,38.0,0.08571428571428563
2024-06-17,19.709,0.020715728416800472,0.979,0.14906103286384975,-1.934,-0.024217961654894093,-2.892,-0.005502063273727598,39.0,0.026315789473684292
2024-06-18,19.268,-0.02237556446293565,0.847,-0.1348314606741573,-1.978,0.022750775594622574,-2.898,0.0020746887966804906,38.0,-0.02564102564102566
2024-06-19,19.268,0.0,0.847,0.0,-1.978,0.0,-2.898,0.0,38.0,0.0
2024-06-20,18.819,-0.023302885613452395,0.712,-0.15938606847697756,-2.034,0.02831142568250744,-2.913,0.005175983436852993,37.0,-0.02631578947368418
2024-06-21,19.64,0.04362612253573528,0.98,0.3764044943820226,-1.957,-0.037856440511307654,-2.893,-0.00686577411603162,39.0,0.054054054054053946
2024-06-24,19.211,-0.021843177189409424,0.84,-0.1428571428571429,-1.98,0.011752682677567572,-2.891,-0.0006913238852401804,38.0,-0.02564102564102566
2024-06-25,19.201,-0.00052053511009309,0.844,0.004761904761904745,-1.984,0.002020202020202033,-2.891,0.0,38.0,0.0
2024-06-26,19.579,0.019686474662778064,0.976,0.1563981042654028,-1.926,-0.029233870967741993,-2.872,-0.0065721203735732425,39.0,0.026315789473684292
2024-06-27,19.508,-0.0036263343378110102,1.017,0.04200819672131151,-1.939,0.00674974039460019,-2.87,-0.0006963788300834439,39.0,0.0
2024-06-28,19.588,0.0041008816895633515,0.995,-0.02163225172074723,-1.926,-0.006704486848891245,-2.867,-0.001045296167247467,39.0,0.0
2024-07-01,18.677,-0.046508066162956996,0.726,-0.2703517587939699,-2.021,0.04932502596054,-2.892,0.008719916288803642,37.0,-0.05128205128205132
2024-07-02,19.104,0.022862344059538353,0.859,0.1831955922865014,-1.974,-0.023255813953488302,-2.873,-0.006569847856154776,38.0,0.027027027027026973
2024-07-03,18.153,-0.04978015075376885,0.587,-0.3166472642607684,-2.066,0.04660587639311031,-2.892,0.006613296206056329,36.0,-0.052631578947368474
2024-07-04,18.153,0.0,0.587,0.0,-2.066,0.0,-2.892,0.0,36.0,0.0
2024-07-05,17.694,-0.025285076846802146,0.443,-0.24531516183986368,-2.105,0.018877057115198603,-2.901,0.003112033195020736,35.0,-0.02777777777777779
2024-07-08,17.729,0.0019780716627104677,0.423,-0.04514672686230248,-2.113,0.0038004750593825243,-2.9,-0.00034470872113057105,35.0,0.0
2024-07-09,17.264,-0.026228213661232957,0.288,-0.3191489361702128,-2.164,0.024136299100804726,-2.91,0.0034482758620690834,34.0,-0.02857142857142858
2024-07-10,17.315,0.0029541241890640446,0.3,0.04166666666666674,-2.15,-0.0064695009242145,-2.91,0.0,34.0,0.0
2024-07-11,17.349,0.0019636153624025265,0.329,0.09666666666666668,-2.166,0.007441860465116301,-2.908,-0.0006872852233678062,34.0,0.0
2024-07-12,17.324,-0.0014410052452590305,0.296,-0.10030395136778125,-2.162,-0.001846722068328699,-2.909,0.0003438789546079679,34.0,0.0
2024-07-15,16.847,-0.027534056799815354,0.192,-0.3513513513513513,-2.202,0.018501387604070274,-2.918,0.003093846682708845,33.0,-0.02941176470588236
2024-07-16,17.303,0.02706713361429336,0.332,0.7291666666666667,-2.158,-0.019981834695731227,-2.91,-0.002741603838245399,34.0,0.030303030303030276
2024-07-17,17.314,0.0006357279084552303,0.321,-0.03313253012048201,-2.158,0.0,-2.909,-0.0003436426116839586,34.0,0.0
2024-07-18,17.225,-0.005140348850641074,0.321,0.0,-2.143,-0.006950880444856367,-2.908,-0.00034376074252318034,34.0,0.0
2024-07-19,17.705,0.027866473149491755,0.438,0.36448598130841114,-2.1,-0.02006532897806801,-2.889,-0.006533700137551612,35.0,0.02941176470588225
2024-07-22,17.679,-0.0014685117198531827,0.43,-0.0182648401826484,-2.1,0.0,-2.882,-0.0024229837313948233,35.0,0.0
2024-07-23,17.248,-0.024379206968719758,0.32,-0.2558139534883721,-2.141,0.0195238095238095,-2.896,0.00485773768216502,34.0,-0.02857142857142858
2024-07-24,17.686,0.025394248608534342,0.433,0.3531249999999999,-2.096,-0.02101821578701535,-2.876,-0.006906077348066253,35.0,0.02941176470588225
2024-07-25,18.532,0.047834445323985175,0.691,0.5958429561200922,-2.003,-0.044370229007633544,-2.85,-0.009040333796940137,37.0,0.05714285714285716
2024-07-26,18.101,-0.023257068853874463,0.545,-0.2112879884225759,-2.05,0.023464802795806206,-2.858,0.0028070175438597023,36.0,-0.027027027027026973
2024-07-29,18.093,-0.00044196453234623956,0.545,0.0,-2.073,0.011219512195121961,-2.865,0.0024492652204339826,36.0,0.0
2024-07-30,18.059,-0.0018791797932901089,0.552,0.012844036697247763,-2.059,-0.006753497346840276,-2.854,-0.0038394415357766443,36.0,0.0
2024-07-31,18.477,0.023146353618694215,0.631,0.14311594202898537,-2.017,-0.02039825157843622,-2.837,-0.00595655220742819,37.0,0.02777777777777768
2024-08-01,18.438,-0.0021107322617308633,0.655,0.03803486529318545,-2.003,-0.006941001487357323,-2.834,-0.0010574550581600173,37.0,0.0
2024-08-02,19.714,0.06920490291788695,1.039,0.5862595419847327,-1.874,-0.06440339490763858,-2.805,-0.010232886379675343,40.0,0.08108108108108114
2024-08-05,22.949,0.16409658110987135,2.05,0.9730510105871029,-1.497,-0.20117395944503735,-2.693,-0.03992869875222815,48.0,0.19999999999999996
2024-08-06,21.81,-0.04963179223495584,1.627,-0.2063414634146341,-1.641,0.09619238476953895,-2.738,0.016709988860007297,45.0,-0.0625
2024-08-07,20.594,-0.05575424117377337,1.26,-0.22556853103872154,-1.782,0.08592321755027421,-2.773,0.012783053323593974,42.0,-0.06666666666666665
2024-08-08,21.404,0.03933184422647362,1.558,0.23650793650793656,-1.689,-0.05218855218855212,-2.744,-0.010457987738910934,44.0,0.04761904761904767
2024-08-09,20.594,-0.037843393758176025,1.288,-0.17329910141206673,-1.784,0.056246299585553494,-2.77,0.009475218658892004,42.0,-0.045454545454545414
2024-08-12,20.566,-0.0013596193065942286,1.27,-0.013975155279503104,-1.781,-0.0016816143497758729,-2.767,-0.0010830324909747446,42.0,0.0
2024-08-13,20.992,0.020713799474861627,1.4,0.10236220472440927,-1.75,-0.017405951712521017,-2.751,-0.005782435851102274,43.0,0.023809523809523725
2024-08-14,20.126,-0.04125381097560976,1.077,-0.23071428571428565,-1.837,0.0497142857142856,-2.766,0.005452562704471253,41.0,-0.046511627906976716
2024-08-15,19.341,-0.03900427307959853,0.8,-0.2571959145775301,-1.933,0.05225911812738171,-2.789,0.008315256688358641,39.0,-0.04878048780487809
2024-08-16,18.441,-0.04653327128897167,0.555,-0.30625,-2.038,0.054319710294878254,-2.81,0.007529580494801014,37.0,-0.05128205128205132
2024-08-19,18.023,-0.022666883574643415,0.394,-0.2900900900900901,-2.063,0.012266928361138518,-2.812,0.000711743772241924,36.0,-0.027027027027026973
2024-08-20,18.004,-0.0010542085113465216,0.399,0.012690355329949332,-2.079,0.007755695588948175,-2.806,-0.002133712660028375,36.0,0.0
2024-08-21,18.033,0.0016107531659630414,0.426,0.06766917293233066,-2.074,-0.002405002405002521,-2.815,0.0032074126870991204,36.0,0.0
2024-08-22,17.574,-0.025453335551488876,0.286,-0.32863849765258224,-2.124,0.024108003857280735,-2.822,0.00248667850799289,35.0,-0.02777777777777779
2024-08-23,17.546,-0.0015932627745534056,0.296,0.034965034965035,-2.135,0.00517890772128049,-2.82,-0.0007087172218285254,35.0,0.0
2024-08-26,17.133,-0.02353812834834157,0.161,-0.45608108108108103,-2.166,0.014519906323185117,-2.831,0.0039007092198581894,34.0,-0.02857142857142858
2024-08-27,17.166,0.0019261075118193194,0.164,0.01863354037267073,-2.16,-0.0027700831024929373,-2.831,0.0,34.0,0.0
2024-08-28,17.159,-0.0004077828265176553,0.166,0.012195121951219523,-2.159,-0.00046296296296310935,-2.831,0.0,34.0,0.0
2024-08-29,17.146,-0.0007576199079198931,0.176,0.06024096385542155,-2.159,0.0,-2.829,-0.0007064641469444188,34.0,0.0
2024-08-30,17.156,0.0005832264084917327,0.174,-0.011363636363636354,-2.158,-0.0004631773969430153,-2.829,0.0,34.0,0.0
2024-09-02,17.156,0.0,0.174,0.0,-2.158,0.0,-2.829,0.0,34.0,0.0
2024-09-03,17.543,0.022557705758918134,0.28,0.6091954022988508,-2.114,-0.020389249304911927,-2.815,-0.004948745139625399,35.0,0.02941176470588225
2024-09-04,18.405,0.049136407683976646,0.522,0.8642857142857141,-2.025,-0.04210028382213815,-2.785,-0.010657193605683735,37.0,0.05714285714285716
2024-09-05,17.926,-0.026025536538984095,0.4,-0.23371647509578541,-2.065,0.01975308641975304,-2.796,0.003949730700179455,36.0,-0.027027027027026973
2024-09-06,18.336,0.022871806314849863,0.511,0.27749999999999986,-2.024,-0.019854721549636745,-2.782,-0.005007153075822557,37.0,0.02777777777777768
2024-09-09,18.32,-0.0008726003490400203,0.516,0.009784735812133016,-2.018,-0.0029644268774704496,-2.78,-0.0007189072609634639,37.0,0.0
2024-09-10,17.858,-0.02521834061135375,0.401,-0.22286821705426352,-2.054,0.01783944499504453,-2.79,0.003597122302158251,36.0,-0.027027027027026973
2024-09-11,18.301,0.024806809273154817,0.527,0.31421446384039897,-2.015,-0.018987341772151778,-2.779,-0.003942652329749108,37.0,0.02777777777777768
2024-09-12,17.91,-0.021364952734823084,0.41,-0.22201138519924102,-2.055,0.01985111662531014,-2.789,0.003598416696653617,36.0,-0.027027027027026973
2024-09-13,17.504,-0.022668900055834662,0.287,-0.30000000000000004,-2.098,0.02092457420924565,-2.799,0.0035855145213337103,35.0,-0.02777777777777779
2024-09-16,17.035,-0.02679387568555769,0.183,-0.362369337979094,-2.134,0.01715919923736897,-2.806,0.0025008931761343334,34.0,-0.02857142857142858
2024-09-17,17.051,0.0009392427355443544,0.169,-0.07650273224043702,-2.133,-0.0004686035613870043,-2.804,-0.0007127583749110267,34.0,0.0
2024-09-18,17.029,-0.0012902469063397204,0.149,-0.11834319526627224,-2.141,0.0037505860290669712,-2.803,-0.0003566333808844302,34.0,0.0
2024-09-19,16.168,-0.05056080803335494,-0.073,-1.4899328859060403,-2.216,0.03503035964502588,-2.825,0.007848733499821625,32.0,-0.05882352941176472
2024-09-20,16.145,-0.0014225630875803752,-0.08,0.09589041095890427,-2.217,0.0004512635379061436,-2.819,-0.002123893805309862,32.0,0.0
2024-09-23,16.554,0.025332920408795312,0.041,-1.5125,-2.172,-0.020297699594045926,-2.803,-0.005675771550195163,33.0,0.03125
2024-09-24,16.101,-0.027364987314244305,-0.088,-3.146341463414634,-2.209,0.017034990791896742,-2.815,0.004281127363539028,32.0,-0.030303030303030276
2024-09-25,16.517,0.0258369045400908,0.01,-1.1136363636363638,-2.182,-0.01222272521502954,-2.798,-0.006039076376554098,33.0,0.03125
2024-09-26,16.115,-0.02433856027123571,-0.078,-8.8,-2.22,0.01741521539871682,-2.806,0.002859185132237263,32.0,-0.030303030303030276
2024-09-27,16.169,0.0033509152963078215,-0.056,-0.28205128205128205,-2.216,-0.0018018018018017834,-2.803,-0.0010691375623663735,32.0,0.0
2024-09-30,16.542,0.023068835425814838,0.036,-1.6428571428571428,-2.151,-0.029332129963899112,-2.79,-0.004637887977167243,33.0,0.03125
2024-10-01,16.584,0.0025389916575986327,0.027,-0.25,-2.153,0.0009298000929800487,-2.789,-0.00035842293906807043,33.0,0.0
2024-10-02,17.006,0.02544621321755902,0.166,5.148148148148149,-2.144,-0.004180213655364584,-2.772,-0.0060953746862676406,34.0,0.030303030303030276
2024-10-03,16.527,-0.028166529460190493,0.051,-0.6927710843373494,-2.186,0.019589552238805874,-2.781,0.0032467532467532756,33.0,-0.02941176470588236
2024-10-04,16.957,0.026018031100623285,0.171,2.3529411764705888,-2.141,-0.020585544373284526,-2.764,-0.006112909025530522,34.0,0.030303030303030276
2024-10-07,16.514,-0.026124904169369634,0.057,-0.6666666666666667,-2.174,0.015413358243811182,-2.766,0.0007235890014472002,33.0,-0.02941176470588236
2024-10-08,16.506,-0.00048443744701465175,0.056,-0.01754385964912286,-2.187,0.005979760809567525,-2.765,-0.0003615328994938105,33.0,0.0
2024-10-09,16.512,0.00036350418029806875,0.067,0.1964285714285714,-2.173,-0.0064014631915865206,-2.76,-0.001808318264014619,33.0,0.0
2024-10-10,16.074,-0.02652616279069764,-0.055,-1.8208955223880596,-2.21,0.01702715140358957,-2.768,0.0028985507246377384,32.0,-0.030303030303030276
2024-10-11,16.06,-0.0008709717556304453,-0.054,-0.018181818181818188,-2.208,-0.0009049773755654966,-2.765,-0.0010838150289016468,32.0,0.0
2024-10-14,16.06,0.0,-0.054,0.0,-2.208,0.0,-2.765,0.0,32.0,0.0
2024-10-15,15.576,-0.03013698630136974,-0.178,2.2962962962962963,-2.244,0.016304347826086918,-2.77,0.001808318264014508,31.0,-0.03125
2024-10-16,15.562,-0.0008988186954289601,-0.164,-0.0786516853932584,-2.226,-0.008021390374331694,-2.768,-0.0007220216606499408,31.0,0.0
2024-10-17,15.561,-6.425909266161156e-05,-0.191,0.16463414634146334,-2.229,0.0013477088948787852,-2.764,-0.0014450867052022698,31.0,0.0
2024-10-18,15.559,-0.00012852644431593507,-0.184,-0.03664921465968585,-2.226,-0.0013458950201884479,-2.763,-0.0003617945007236001,31.0,0.0
2024-10-21,15.956,0.025515778649013443,-0.049,-0.7336956521739131,-2.19,-0.016172506738544534,-2.745,-0.006514657980455918,32.0,0.032258064516129004
2024-10-22,16.368,0.025821007771371196,0.061,-2.2448979591836733,-2.153,-0.01689497716894972,-2.73,-0.005464480874316946,33.0,0.03125
2024-10-23,16.353,-0.000916422287389862,0.036,-0.4098360655737705,-2.141,-0.005573618207152853,-2.727,-0.001098901098901095,33.0,0.0
2024-10-24,,0.0,0.034,-0.05555555555555547,-2.146,0.0023353573096682734,-2.724,-0.0011001100110009654,33.0,0.0
2024-10-25,,0.0,-0.071,-3.0882352941176467,-2.182,0.016775396085740857,-2.735,0.004038179148311283,32.0,-0.030303030303030276
2024-10-28,16.273,-0.004892068733565846,0.026,-1.3661971830985915,-2.14,-0.019248395967002674,-2.716,-0.006946983546617824,33.0,0.03125
2024-10-29,15.847,-0.026178332206722832,-0.058,-3.230769230769231,-2.185,0.02102803738317749,-2.731,0.005522827687776122,32.0,-0.030303030303030276
2024-10-30,15.828,-0.0011989651038051274,-0.098,0.6896551724137931,-2.164,-0.009610983981693355,-2.72,-0.004027828634199815,32.0,0.0
